-- 指定使用資料庫
USE jhm4_test;

-- 班級資料插入
INSERT INTO Class (class_id, class_name, grade) VALUES 
    (1, '4A', 4), 
    (2, '4B', 4),
    (3, '5A', 5),
    (4, '5B', 5),
    (5, '3C', 3);

-- 學生資料插入
INSERT INTO Student (student_id, name, gender, birthday, class_id) VALUES 
    (1, '陳大文', 'M', '2006-02-15', 1),
    (2, '李小明', 'M', '2005-11-23', 2),
    (3, '王美麗', 'F', '2006-05-30', 1),
    (4, '張小康', 'M', '2006-07-12', 3),
    (5, '林雅婷', 'F', '2006-03-25', 3),
    (6, '黃建國', 'M', '2006-09-18', 4),
    (7, '周美玲', 'F', '2006-01-05', 4),
    (8, '劉俊宇', 'M', '2008-04-30', 5),
    (9, '楊雅芳', 'F', '2008-08-22', 5),
    (10, '吳志豪', 'M', '2005-10-15', 2);

-- 教師資料插入
INSERT INTO Teacher (teacher_id, name, gender, department) VALUES 
    (1, '張志明', 'M', '數學系'),
    (2, '林美華', 'F', '自然科學系'),
    (3, '李國強', 'M', '語言系'),
    (4, '王建中', 'M', '歷史系'),
    (5, '陳玉華', 'F', '藝術系'),
    (6, '黃明志', 'M', '體育系'),
    (7, '劉小娟', 'F', '資訊系');

-- 課程資料插入
INSERT INTO Course (course_id, course_name, credit, department, teacher_id) VALUES 
    (101, '數學', 4, '數學系', 1),
    (102, '物理', 3, '自然科學系', 2),
    (103, '英文', 3, '語言系', 3),
    (104, '歷史', 3, '歷史系', 4),
    (105, '美術', 2, '藝術系', 5),
    (106, '體育', 2, '體育系', 6),
    (107, '電腦科學', 4, '資訊系', 7),
    (108, '高等數學', 4, '數學系', 1);

-- 學生選課關係插入
INSERT INTO Student_Course (student_id, course_id) VALUES 
    -- 學生1的選課
    (1, 101),
    (1, 102),
    (1, 104),
    -- 學生2的選課
    (2, 101),
    (2, 103),
    (2, 105),
    -- 學生3的選課
    (3, 102),
    (3, 103),
    (3, 108),
    -- 學生4的選課
    (4, 103),
    (4, 104),
    -- 學生5的選課
    (5, 104),
    (5, 105),
    -- 學生6的選課
    (6, 101),
    (6, 106),
    -- 學生7的選課
    (7, 106),
    (7, 107),
    -- 學生8的選課
    (8, 105),
    -- 學生9的選課
    (9, 107),
    -- 學生10的選課
    (10, 108);

-- 班級導師關係插入
INSERT INTO Class_Teacher (class_id, teacher_id) VALUES 
    (1, 2),
    (1, 3),
    (2, 1),
    (2, 7),
    (3, 4),
    (4, 5),
    (5, 6);
